label,variant,degree,operation,batch,calls,total_cycles,mean_cycles
k4c_v1,ref,512,키생성,0,10,519992956,51999295.6
k4c_v1,ref,512,서명,0,10,181109550,18110955.0
k4c_v1,ref,512,검증,0,10,3725633,372563.3
k4c_v1,ref,512,키생성,1,10,728204823,72820482.3
k4c_v1,ref,512,서명,1,10,182873295,18287329.5
k4c_v1,ref,512,검증,1,10,3727573,372757.3
k4c_v1,ref,512,키생성,2,10,744490158,74449015.8
k4c_v1,ref,512,서명,2,10,182635359,18263535.9
k4c_v1,ref,512,검증,2,10,3727083,372708.3
k4c_v1,ref,512,키생성,3,10,496692710,49669271.0
k4c_v1,ref,512,서명,3,10,183030853,18303085.3
k4c_v1,ref,512,검증,3,10,3580073,358007.3
k4c_v1,ref,512,키생성,4,10,504349942,50434994.2
k4c_v1,ref,512,서명,4,10,182985579,18298557.9
k4c_v1,ref,512,검증,4,10,3579513,357951.3
k4c_v1,ref,512,키생성,5,10,480123609,48012360.9
k4c_v1,ref,512,서명,5,10,183037563,18303756.3
k4c_v1,ref,512,검증,5,10,3579193,357919.3
k4c_v1,ref,512,키생성,6,10,740344198,74034419.8
k4c_v1,ref,512,서명,6,10,182144664,18214466.4
k4c_v1,ref,512,검증,6,10,3723313,372331.3
k4c_v1,ref,512,키생성,7,10,484005426,48400542.6
k4c_v1,ref,512,서명,7,10,183234439,18323443.9
k4c_v1,ref,512,검증,7,10,3581213,358121.3
k4c_v1,ref,512,키생성,8,10,538932214,53893221.4
k4c_v1,ref,512,서명,8,10,182920138,18292013.8
k4c_v1,ref,512,검증,8,10,3727273,372727.3
k4c_v1,ref,512,키생성,9,10,507623138,50762313.8
k4c_v1,ref,512,서명,9,10,182606298,18260629.8
k4c_v1,ref,512,검증,9,10,3725033,372503.3
k4c_v1,ref,1024,키생성,0,10,3721116092,372111609.2
k4c_v1,ref,1024,서명,0,10,392803480,39280348.0
k4c_v1,ref,1024,검증,0,10,7155103,715510.3
k4c_v1,ref,1024,키생성,1,10,2173702286,217370228.6
k4c_v1,ref,1024,서명,1,10,392399876,39239987.6
k4c_v1,ref,1024,검증,1,10,7300043,730004.3
k4c_v1,ref,1024,키생성,2,10,2731448099,273144809.9
k4c_v1,ref,1024,서명,2,10,393789125,39378912.5
k4c_v1,ref,1024,검증,2,10,7153423,715342.3
k4c_v1,ref,1024,키생성,3,10,1879159351,187915935.1
k4c_v1,ref,1024,서명,3,10,391669183,39166918.3
k4c_v1,ref,1024,검증,3,10,7300933,730093.3
k4c_v1,ref,1024,키생성,4,10,2032144960,203214496.0
k4c_v1,ref,1024,서명,4,10,391873715,39187371.5
k4c_v1,ref,1024,검증,4,10,7302803,730280.3
k4c_v1,ref,1024,키생성,5,10,4573972582,457397258.2
k4c_v1,ref,1024,서명,5,10,390906947,39090694.7
k4c_v1,ref,1024,검증,5,10,7305993,730599.3
k4c_v1,ref,1024,키생성,6,10,4458583244,445858324.4
k4c_v1,ref,1024,서명,6,10,391777675,39177767.5
k4c_v1,ref,1024,검증,6,10,7153934,715393.4
k4c_v1,ref,1024,키생성,7,10,2134625050,213462505.0
k4c_v1,ref,1024,서명,7,10,391072081,39107208.1
k4c_v1,ref,1024,검증,7,10,7300543,730054.3
k4c_v1,ref,1024,키생성,8,10,2614617189,261461718.9
k4c_v1,ref,1024,서명,8,10,392664236,39266423.6
k4c_v1,ref,1024,검증,8,10,7300393,730039.3
k4c_v1,ref,1024,키생성,9,10,1775778946,177577894.6
k4c_v1,ref,1024,서명,9,10,392625079,39262507.9
k4c_v1,ref,1024,검증,9,10,7301453,730145.3
k4c_v1,ntt_opt,512,키생성,0,10,463612604,46361260.4
k4c_v1,ntt_opt,512,서명,0,10,178215548,17821554.8
k4c_v1,ntt_opt,512,검증,0,10,3232373,323237.3
k4c_v1,ntt_opt,512,키생성,1,10,666878558,66687855.8
k4c_v1,ntt_opt,512,서명,1,10,179980394,17998039.4
k4c_v1,ntt_opt,512,검증,1,10,3234313,323431.3
k4c_v1,ntt_opt,512,키생성,2,10,682929462,68292946.2
k4c_v1,ntt_opt,512,서명,2,10,179743536,17974353.6
k4c_v1,ntt_opt,512,검증,2,10,3232733,323273.3
k4c_v1,ntt_opt,512,키생성,3,10,440547865,44054786.5
k4c_v1,ntt_opt,512,서명,3,10,180136860,18013686.0
k4c_v1,ntt_opt,512,검증,3,10,3086813,308681.3
k4c_v1,ntt_opt,512,키생성,4,10,448911652,44891165.2
k4c_v1,ntt_opt,512,서명,4,10,180091582,18009158.2
k4c_v1,ntt_opt,512,검증,4,10,3086253,308625.3
k4c_v1,ntt_opt,512,키생성,5,10,425627417,42562741.7
k4c_v1,ntt_opt,512,서명,5,10,180144658,18014465.8
k4c_v1,ntt_opt,512,검증,5,10,3085933,308593.3
k4c_v1,ntt_opt,512,키생성,6,10,679891298,67989129.8
k4c_v1,ntt_opt,512,서명,6,10,179251749,17925174.9
k4c_v1,ntt_opt,512,검증,6,10,3230053,323005.3
k4c_v1,ntt_opt,512,키생성,7,10,429273712,42927371.2
k4c_v1,ntt_opt,512,서명,7,10,180340433,18034043.3
k4c_v1,ntt_opt,512,검증,7,10,3087953,308795.3
k4c_v1,ntt_opt,512,키생성,8,10,482787372,48278737.2
k4c_v1,ntt_opt,512,서명,8,10,180027226,18002722.6
k4c_v1,ntt_opt,512,검증,8,10,3234013,323401.3
k4c_v1,ntt_opt,512,키생성,9,10,451243883,45124388.3
k4c_v1,ntt_opt,512,서명,9,10,179712294,17971229.4
k4c_v1,ntt_opt,512,검증,9,10,3232863,323286.3
k4c_v1,ntt_opt,1024,키생성,0,10,3509687714,350968771.4
k4c_v1,ntt_opt,1024,서명,0,10,386692981,38669298.1
k4c_v1,ntt_opt,1024,검증,0,10,6112335,611233.5
k4c_v1,ntt_opt,1024,키생성,1,10,1991855577,199185557.7
k4c_v1,ntt_opt,1024,서명,1,10,386289381,38628938.1
k4c_v1,ntt_opt,1024,검증,1,10,6256183,625618.3
k4c_v1,ntt_opt,1024,키생성,2,10,2544003365,254400336.5
k4c_v1,ntt_opt,1024,서명,2,10,387678615,38767861.5
k4c_v1,ntt_opt,1024,검증,2,10,6110653,611065.3
k4c_v1,ntt_opt,1024,키생성,3,10,1706751681,170675168.1
k4c_v1,ntt_opt,1024,서명,3,10,385559777,38555977.7
k4c_v1,ntt_opt,1024,검증,3,10,6257073,625707.3
k4c_v1,ntt_opt,1024,키생성,4,10,1855266754,185526675.4
k4c_v1,ntt_opt,1024,서명,4,10,385764290,38576429.0
k4c_v1,ntt_opt,1024,검증,4,10,6261123,626112.3
k4c_v1,ntt_opt,1024,키생성,5,10,4349344802,434934480.2
k4c_v1,ntt_opt,1024,서명,5,10,384797532,38479753.2
k4c_v1,ntt_opt,1024,검증,5,10,6264314,626431.4
k4c_v1,ntt_opt,1024,키생성,6,10,4219264695,421926469.5
k4c_v1,ntt_opt,1024,서명,6,10,385667148,38566714.8
k4c_v1,ntt_opt,1024,검증,6,10,6111163,611116.3
k4c_v1,ntt_opt,1024,키생성,7,10,1952778358,195277835.8
k4c_v1,ntt_opt,1024,서명,7,10,384962667,38496266.7
k4c_v1,ntt_opt,1024,검증,7,10,6257773,625777.3
k4c_v1,ntt_opt,1024,키생성,8,10,2433492499,243349249.9
k4c_v1,ntt_opt,1024,서명,8,10,386554821,38655482.1
k4c_v1,ntt_opt,1024,검증,8,10,6258713,625871.3
k4c_v1,ntt_opt,1024,키생성,9,10,1603871403,160387140.3
k4c_v1,ntt_opt,1024,서명,9,10,386514578,38651457.8
k4c_v1,ntt_opt,1024,검증,9,10,6258680,625868.0
k4c_reverse_v1,ref,512,키생성,0,10,519992960,51999296.0
k4c_reverse_v1,ref,512,서명,0,10,181109549,18110954.9
k4c_reverse_v1,ref,512,검증,0,10,3725633,372563.3
k4c_reverse_v1,ref,512,키생성,1,10,728204829,72820482.9
k4c_reverse_v1,ref,512,서명,1,10,182873295,18287329.5
k4c_reverse_v1,ref,512,검증,1,10,3727573,372757.3
k4c_reverse_v1,ref,512,키생성,2,10,744490167,74449016.7
k4c_reverse_v1,ref,512,서명,2,10,182635352,18263535.2
k4c_reverse_v1,ref,512,검증,2,10,3727083,372708.3
k4c_reverse_v1,ref,512,키생성,3,10,496692696,49669269.6
k4c_reverse_v1,ref,512,서명,3,10,183030855,18303085.5
k4c_reverse_v1,ref,512,검증,3,10,3580073,358007.3
k4c_reverse_v1,ref,512,키생성,4,10,504349931,50434993.1
k4c_reverse_v1,ref,512,서명,4,10,182985577,18298557.7
k4c_reverse_v1,ref,512,검증,4,10,3579513,357951.3
k4c_reverse_v1,ref,512,키생성,5,10,480123615,48012361.5
k4c_reverse_v1,ref,512,서명,5,10,183037567,18303756.7
k4c_reverse_v1,ref,512,검증,5,10,3579193,357919.3
k4c_reverse_v1,ref,512,키생성,6,10,740344211,74034421.1
k4c_reverse_v1,ref,512,서명,6,10,182144656,18214465.6
k4c_reverse_v1,ref,512,검증,6,10,3723313,372331.3
k4c_reverse_v1,ref,512,키생성,7,10,484005430,48400543.0
k4c_reverse_v1,ref,512,서명,7,10,183234431,18323443.1
k4c_reverse_v1,ref,512,검증,7,10,3581213,358121.3
k4c_reverse_v1,ref,512,키생성,8,10,538932218,53893221.8
k4c_reverse_v1,ref,512,서명,8,10,182920140,18292014.0
k4c_reverse_v1,ref,512,검증,8,10,3727273,372727.3
k4c_reverse_v1,ref,512,키생성,9,10,507623138,50762313.8
k4c_reverse_v1,ref,512,서명,9,10,182606297,18260629.7
k4c_reverse_v1,ref,512,검증,9,10,3725033,372503.3
k4c_reverse_v1,ref,1024,키생성,0,10,3721116072,372111607.2
k4c_reverse_v1,ref,1024,서명,0,10,392803467,39280346.7
k4c_reverse_v1,ref,1024,검증,0,10,7155103,715510.3
k4c_reverse_v1,ref,1024,키생성,1,10,2173702289,217370228.9
k4c_reverse_v1,ref,1024,서명,1,10,392399874,39239987.4
k4c_reverse_v1,ref,1024,검증,1,10,7300043,730004.3
k4c_reverse_v1,ref,1024,키생성,2,10,2731448110,273144811.0
k4c_reverse_v1,ref,1024,서명,2,10,393789130,39378913.0
k4c_reverse_v1,ref,1024,검증,2,10,7153424,715342.4
k4c_reverse_v1,ref,1024,키생성,3,10,1879159336,187915933.6
k4c_reverse_v1,ref,1024,서명,3,10,391669185,39166918.5
k4c_reverse_v1,ref,1024,검증,3,10,7300932,730093.2
k4c_reverse_v1,ref,1024,키생성,4,10,2032144963,203214496.3
k4c_reverse_v1,ref,1024,서명,4,10,391873719,39187371.9
k4c_reverse_v1,ref,1024,검증,4,10,7302803,730280.3
k4c_reverse_v1,ref,1024,키생성,5,10,4573972620,457397262.0
k4c_reverse_v1,ref,1024,서명,5,10,390906963,39090696.3
k4c_reverse_v1,ref,1024,검증,5,10,7305993,730599.3
k4c_reverse_v1,ref,1024,키생성,6,10,4458583302,445858330.2
k4c_reverse_v1,ref,1024,서명,6,10,391777675,39177767.5
k4c_reverse_v1,ref,1024,검증,6,10,7153934,715393.4
k4c_reverse_v1,ref,1024,키생성,7,10,2134625050,213462505.0
k4c_reverse_v1,ref,1024,서명,7,10,391072081,39107208.1
k4c_reverse_v1,ref,1024,검증,7,10,7300543,730054.3
k4c_reverse_v1,ref,1024,키생성,8,10,2614617189,261461718.9
k4c_reverse_v1,ref,1024,서명,8,10,392664236,39266423.6
k4c_reverse_v1,ref,1024,검증,8,10,7300393,730039.3
k4c_reverse_v1,ref,1024,키생성,9,10,1775778946,177577894.6
k4c_reverse_v1,ref,1024,서명,9,10,392625079,39262507.9
k4c_reverse_v1,ref,1024,검증,9,10,7301453,730145.3
k4c_reverse_v1,ntt_opt,512,키생성,0,10,463612605,46361260.5
k4c_reverse_v1,ntt_opt,512,서명,0,10,178215549,17821554.9
k4c_reverse_v1,ntt_opt,512,검증,0,10,3232373,323237.3
k4c_reverse_v1,ntt_opt,512,키생성,1,10,666878545,66687854.5
k4c_reverse_v1,ntt_opt,512,서명,1,10,179980391,17998039.1
k4c_reverse_v1,ntt_opt,512,검증,1,10,3234313,323431.3
k4c_reverse_v1,ntt_opt,512,키생성,2,10,682929451,68292945.1
k4c_reverse_v1,ntt_opt,512,서명,2,10,179743536,17974353.6
k4c_reverse_v1,ntt_opt,512,검증,2,10,3232733,323273.3
k4c_reverse_v1,ntt_opt,512,키생성,3,10,440547856,44054785.6
k4c_reverse_v1,ntt_opt,512,서명,3,10,180136860,18013686.0
k4c_reverse_v1,ntt_opt,512,검증,3,10,3086813,308681.3
k4c_reverse_v1,ntt_opt,512,키생성,4,10,448911660,44891166.0
k4c_reverse_v1,ntt_opt,512,서명,4,10,180091578,18009157.8
k4c_reverse_v1,ntt_opt,512,검증,4,10,3086253,308625.3
k4c_reverse_v1,ntt_opt,512,키생성,5,10,425627417,42562741.7
k4c_reverse_v1,ntt_opt,512,서명,5,10,180144665,18014466.5
k4c_reverse_v1,ntt_opt,512,검증,5,10,3085933,308593.3
k4c_reverse_v1,ntt_opt,512,키생성,6,10,679891272,67989127.2
k4c_reverse_v1,ntt_opt,512,서명,6,10,179251753,17925175.3
k4c_reverse_v1,ntt_opt,512,검증,6,10,3230053,323005.3
k4c_reverse_v1,ntt_opt,512,키생성,7,10,429273714,42927371.4
k4c_reverse_v1,ntt_opt,512,서명,7,10,180340435,18034043.5
k4c_reverse_v1,ntt_opt,512,검증,7,10,3087953,308795.3
k4c_reverse_v1,ntt_opt,512,키생성,8,10,482787385,48278738.5
k4c_reverse_v1,ntt_opt,512,서명,8,10,180027225,18002722.5
k4c_reverse_v1,ntt_opt,512,검증,8,10,3234013,323401.3
k4c_reverse_v1,ntt_opt,512,키생성,9,10,451243873,45124387.3
k4c_reverse_v1,ntt_opt,512,서명,9,10,179712294,17971229.4
k4c_reverse_v1,ntt_opt,512,검증,9,10,3232863,323286.3
k4c_reverse_v1,ntt_opt,1024,키생성,0,10,3509687697,350968769.7
k4c_reverse_v1,ntt_opt,1024,서명,0,10,386692972,38669297.2
k4c_reverse_v1,ntt_opt,1024,검증,0,10,6112332,611233.2
k4c_reverse_v1,ntt_opt,1024,키생성,1,10,1991855572,199185557.2
k4c_reverse_v1,ntt_opt,1024,서명,1,10,386289378,38628937.8
k4c_reverse_v1,ntt_opt,1024,검증,1,10,6256183,625618.3
k4c_reverse_v1,ntt_opt,1024,키생성,2,10,2544003338,254400333.8
k4c_reverse_v1,ntt_opt,1024,서명,2,10,387678621,38767862.1
k4c_reverse_v1,ntt_opt,1024,검증,2,10,6110653,611065.3
k4c_reverse_v1,ntt_opt,1024,키생성,3,10,1706751707,170675170.7
k4c_reverse_v1,ntt_opt,1024,서명,3,10,385559766,38555976.6
k4c_reverse_v1,ntt_opt,1024,검증,3,10,6257073,625707.3
k4c_reverse_v1,ntt_opt,1024,키생성,4,10,1855266748,185526674.8
k4c_reverse_v1,ntt_opt,1024,서명,4,10,385764294,38576429.4
k4c_reverse_v1,ntt_opt,1024,검증,4,10,6261123,626112.3
k4c_reverse_v1,ntt_opt,1024,키생성,5,10,4349344821,434934482.1
k4c_reverse_v1,ntt_opt,1024,서명,5,10,384797541,38479754.1
k4c_reverse_v1,ntt_opt,1024,검증,5,10,6264313,626431.3
k4c_reverse_v1,ntt_opt,1024,키생성,6,10,4219264701,421926470.1
k4c_reverse_v1,ntt_opt,1024,서명,6,10,385667154,38566715.4
k4c_reverse_v1,ntt_opt,1024,검증,6,10,6111163,611116.3
k4c_reverse_v1,ntt_opt,1024,키생성,7,10,1952778348,195277834.8
k4c_reverse_v1,ntt_opt,1024,서명,7,10,384962671,38496267.1
k4c_reverse_v1,ntt_opt,1024,검증,7,10,6257773,625777.3
k4c_reverse_v1,ntt_opt,1024,키생성,8,10,2433492476,243349247.6
k4c_reverse_v1,ntt_opt,1024,서명,8,10,386554819,38655481.9
k4c_reverse_v1,ntt_opt,1024,검증,8,10,6258713,625871.3
k4c_reverse_v1,ntt_opt,1024,키생성,9,10,1603871437,160387143.7
k4c_reverse_v1,ntt_opt,1024,서명,9,10,386514572,38651457.2
k4c_reverse_v1,ntt_opt,1024,검증,9,10,6258685,625868.5
